{
    "AUC": {
        "list": [
            0.9765625,
            0.92578125,
            0.89453125,
            0.94140625,
            0.92578125
        ],
        "mean": 0.9328125
    },
    "ACC": {
        "list": [
            0.96875,
            0.875,
            0.875,
            0.84375,
            0.90625
        ],
        "mean": 0.89375
    },
    "PRE": {
        "list": [
            0.9411764705882353,
            0.8,
            0.8,
            0.7894736842105263,
            0.8421052631578947
        ],
        "mean": 0.8345510835913312
    },
    "SEN": {
        "list": [
            1.0,
            1.0,
            1.0,
            0.9375,
            1.0
        ],
        "mean": 0.9875
    },
    "F1S": {
        "list": [
            0.9696969696969697,
            0.8888888888888888,
            0.8888888888888888,
            0.8571428571428571,
            0.9142857142857143
        ],
        "mean": 0.9037806637806638
    }
}