{
    "AUC": {
        "list": [
            0.95703125,
            0.89453125,
            0.9140625,
            0.92578125,
            0.90625
        ],
        "mean": 0.91953125
    },
    "ACC": {
        "list": [
            0.90625,
            0.8125,
            0.8125,
            0.8125,
            0.84375
        ],
        "mean": 0.8375
    },
    "PRE": {
        "list": [
            0.8823529411764706,
            0.75,
            0.75,
            0.75,
            0.7894736842105263
        ],
        "mean": 0.7843653250773993
    },
    "SEN": {
        "list": [
            0.9375,
            0.9375,
            0.9375,
            0.9375,
            0.9375
        ],
        "mean": 0.9375
    },
    "F1S": {
        "list": [
            0.9090909090909091,
            0.8333333333333334,
            0.8333333333333334,
            0.8333333333333334,
            0.8571428571428571
        ],
        "mean": 0.8532467532467531
    }
}