{
    "AUC": {
        "list": [
            0.921875,
            0.75,
            0.8203125,
            0.78515625,
            0.80859375
        ],
        "mean": 0.8171875
    },
    "ACC": {
        "list": [
            0.84375,
            0.75,
            0.71875,
            0.71875,
            0.71875
        ],
        "mean": 0.75
    },
    "PRE": {
        "list": [
            0.7894736842105263,
            0.75,
            0.6842105263157895,
            0.6842105263157895,
            0.7333333333333333
        ],
        "mean": 0.7282456140350877
    },
    "SEN": {
        "list": [
            0.9375,
            0.75,
            0.8125,
            0.8125,
            0.6875
        ],
        "mean": 0.8
    },
    "F1S": {
        "list": [
            0.8571428571428571,
            0.75,
            0.7428571428571429,
            0.7428571428571429,
            0.7096774193548387
        ],
        "mean": 0.7605069124423963
    }
}