{
    "AUC": {
        "list": [
            0.99609375,
            0.86328125,
            0.87109375,
            0.921875,
            0.9609375
        ],
        "mean": 0.92265625
    },
    "ACC": {
        "list": [
            0.9375,
            0.84375,
            0.90625,
            0.8125,
            0.90625
        ],
        "mean": 0.88125
    },
    "PRE": {
        "list": [
            0.8888888888888888,
            0.7894736842105263,
            0.8421052631578947,
            0.75,
            0.8421052631578947
        ],
        "mean": 0.8225146198830409
    },
    "SEN": {
        "list": [
            1.0,
            0.9375,
            1.0,
            0.9375,
            1.0
        ],
        "mean": 0.975
    },
    "F1S": {
        "list": [
            0.9411764705882353,
            0.8571428571428571,
            0.9142857142857143,
            0.8333333333333334,
            0.9142857142857143
        ],
        "mean": 0.8920448179271709
    }
}