{
    "AUC": {
        "list": [
            0.94921875,
            0.8671875,
            0.84765625,
            0.83203125,
            0.9140625
        ],
        "mean": 0.88203125
    },
    "ACC": {
        "list": [
            0.875,
            0.78125,
            0.8125,
            0.84375,
            0.8125
        ],
        "mean": 0.825
    },
    "PRE": {
        "list": [
            0.875,
            0.7368421052631579,
            0.7777777777777778,
            0.7894736842105263,
            0.9166666666666666
        ],
        "mean": 0.8191520467836257
    },
    "SEN": {
        "list": [
            0.875,
            0.875,
            0.875,
            0.9375,
            0.6875
        ],
        "mean": 0.85
    },
    "F1S": {
        "list": [
            0.875,
            0.8,
            0.8235294117647058,
            0.8571428571428571,
            0.7857142857142857
        ],
        "mean": 0.8282773109243697
    }
}