{
    "AUC": {
        "list": [
            0.9765625,
            0.890625,
            0.90234375,
            0.90625,
            0.93359375
        ],
        "mean": 0.921875
    },
    "ACC": {
        "list": [
            0.9375,
            0.84375,
            0.90625,
            0.8125,
            0.875
        ],
        "mean": 0.875
    },
    "PRE": {
        "list": [
            0.8888888888888888,
            0.7619047619047619,
            0.8421052631578947,
            0.75,
            0.8
        ],
        "mean": 0.8085797827903092
    },
    "SEN": {
        "list": [
            1.0,
            1.0,
            1.0,
            0.9375,
            1.0
        ],
        "mean": 0.9875
    },
    "F1S": {
        "list": [
            0.9411764705882353,
            0.8648648648648649,
            0.9142857142857143,
            0.8333333333333334,
            0.8888888888888888
        ],
        "mean": 0.8885098543922073
    }
}