{
    "AUC": {
        "list": [
            1.0,
            0.88671875,
            0.94140625,
            0.921875,
            0.890625
        ],
        "mean": 0.928125
    },
    "ACC": {
        "list": [
            0.96875,
            0.75,
            0.875,
            0.84375,
            0.8125
        ],
        "mean": 0.85
    },
    "PRE": {
        "list": [
            0.9411764705882353,
            0.7857142857142857,
            0.8,
            0.7894736842105263,
            0.7777777777777778
        ],
        "mean": 0.818828443658165
    },
    "SEN": {
        "list": [
            1.0,
            0.6875,
            1.0,
            0.9375,
            0.875
        ],
        "mean": 0.9
    },
    "F1S": {
        "list": [
            0.9696969696969697,
            0.7333333333333333,
            0.8888888888888888,
            0.8571428571428571,
            0.8235294117647058
        ],
        "mean": 0.8545182921653509
    }
}