{
    "AUC": {
        "list": [
            0.98046875,
            0.90625,
            0.953125,
            0.890625,
            0.92578125
        ],
        "mean": 0.93125
    },
    "ACC": {
        "list": [
            0.96875,
            0.84375,
            0.84375,
            0.84375,
            0.84375
        ],
        "mean": 0.86875
    },
    "PRE": {
        "list": [
            0.9411764705882353,
            0.7619047619047619,
            0.7894736842105263,
            0.7894736842105263,
            0.8235294117647058
        ],
        "mean": 0.821111602535751
    },
    "SEN": {
        "list": [
            1.0,
            1.0,
            0.9375,
            0.9375,
            0.875
        ],
        "mean": 0.95
    },
    "F1S": {
        "list": [
            0.9696969696969697,
            0.8648648648648649,
            0.8571428571428571,
            0.8571428571428571,
            0.8484848484848485
        ],
        "mean": 0.8794664794664795
    }
}