{
    "AUC": {
        "list": [
            0.8896850972410674,
            0.9246503496503496,
            0.9104135586964212,
            0.9090866815476191,
            0.9436923963133641
        ],
        "mean": 0.9155056166897643
    },
    "ACC": {
        "list": [
            0.8214285714285714,
            0.8320610687022901,
            0.8509803921568627,
            0.8188976377952756,
            0.864
        ],
        "mean": 0.8374735340166
    },
    "PRE": {
        "list": [
            0.8056537102473498,
            0.852,
            0.8339483394833949,
            0.8253968253968254,
            0.896551724137931
        ],
        "mean": 0.8427101198531002
    },
    "SEN": {
        "list": [
            0.8507462686567164,
            0.8068181818181818,
            0.8793774319066148,
            0.8125,
            0.8253968253968254
        ],
        "mean": 0.8349677415556677
    },
    "F1S": {
        "list": [
            0.8275862068965517,
            0.8287937743190662,
            0.8560606060606061,
            0.8188976377952756,
            0.859504132231405
        ],
        "mean": 0.8381684714605809
    }
}