{
    "AUC": {
        "list": [
            0.927945499773858,
            0.9141025641025641,
            0.9294228018640132,
            0.9094897073412699,
            0.9511648745519713
        ],
        "mean": 0.9264250895267352
    },
    "ACC": {
        "list": [
            0.849624060150376,
            0.8206106870229007,
            0.8490196078431372,
            0.8011811023622047,
            0.86
        ],
        "mean": 0.8360870914757237
    },
    "PRE": {
        "list": [
            0.8790322580645161,
            0.8294573643410853,
            0.871900826446281,
            0.8087649402390438,
            0.9099099099099099
        ],
        "mean": 0.8598130598001672
    },
    "SEN": {
        "list": [
            0.8134328358208955,
            0.8106060606060606,
            0.8210116731517509,
            0.79296875,
            0.8015873015873016
        ],
        "mean": 0.8079213242332017
    },
    "F1S": {
        "list": [
            0.8449612403100775,
            0.8199233716475096,
            0.845691382765531,
            0.8007889546351085,
            0.8523206751054853
        ],
        "mean": 0.8327371248927424
    }
}