{
    "AUC": {
        "list": [
            0.9397896879240162,
            0.9377476689976689,
            0.944079605050676,
            0.9279048859126984,
            0.9402521761392729
        ],
        "mean": 0.9379548048048665
    },
    "ACC": {
        "list": [
            0.8778195488721805,
            0.8645038167938931,
            0.8470588235294118,
            0.8543307086614174,
            0.856
        ],
        "mean": 0.8599425795713806
    },
    "PRE": {
        "list": [
            0.8394648829431438,
            0.850909090909091,
            0.8713692946058091,
            0.8473282442748091,
            0.9285714285714286
        ],
        "mean": 0.8675285882608564
    },
    "SEN": {
        "list": [
            0.9365671641791045,
            0.8863636363636364,
            0.8171206225680934,
            0.8671875,
            0.7738095238095238
        ],
        "mean": 0.8562096893840716
    },
    "F1S": {
        "list": [
            0.8853615520282186,
            0.8682745825602969,
            0.8433734939759037,
            0.8571428571428571,
            0.8441558441558441
        ],
        "mean": 0.8596616659726241
    }
}